slug|category|title|description|h1|image|alt
kak-prohodit-onlajn-rasklad-taro|taro|Как проходит онлайн расклад Таро: этапы, сроки и результат|Разбираем, как проходит онлайн расклад Таро: диагностика запроса, расшифровка карт, рекомендации и дальнейшие шаги.|Как проходит онлайн расклад Таро|tarot.webp|Онлайн расклад Таро и диагностика запроса
mozhno-li-doveryat-onlajn-gadaniyu|taro|Можно ли доверять онлайн гаданию: критерии безопасности|Разбираем, когда онлайн гадание помогает, как выбрать специалиста и на что смотреть перед оплатой.|Можно ли доверять онлайн гаданию|tarot.webp|Безопасный формат онлайн гадания
kakie-voprosy-zadavat-taro|taro|Какие вопросы задавать Таро, чтобы получить точный ответ|Пошаговый гид: какие вопросы задавать Таро, как формулировать запрос и каких ошибок избегать.|Какие вопросы задавать Таро|tarot.webp|Карты Таро для точной диагностики
taro-na-otnosheniya-kak-eto-rabotaet|taro|Таро на отношения: как это работает и что можно узнать|Подробно объясняем, как работает Таро на отношения, что показывает расклад и когда нужна дополнительная диагностика.|Таро на отношения - как это работает|tarot.webp|Таро на отношения и диагностика пары
priznaki-negativnoy-energii|energetika|Признаки негативной энергии: как распознать и что делать|Главные признаки негативной энергии, что стоит проверить в первую очередь и какие шаги помогут стабилизироваться.|Признаки негативной энергии|enegry-clean.webp|Признаки энергетической перегрузки
kak-ponyat-chto-na-cheloveke-negativ|energetika|Как понять, что на человеке негатив: чек-лист симптомов|Чек-лист признаков негатива, разбор причин и последовательность безопасной диагностики.|Как понять, что на человеке негатив|enegry-clean.webp|Диагностика негативного воздействия
pochemu-ne-rabotayut-chistki|energetika|Почему не работают чистки: 7 типичных причин|Объясняем, почему чистки не дают результат: ошибки последовательности, отсутствие диагностики и несоблюдение рекомендаций.|Почему не работают чистки|enegry-clean.webp|Энергетическая чистка и причины отката
kak-zashitit-sebya-ot-negativa|energetika|Как защитить себя от негатива в быту и в работе|Практический материал о защите от негатива: поведение, энергетическая гигиена и профессиональная поддержка.|Как защитить себя от негатива|enegry-clean.webp|Личная энергетическая защита
simptomy-porchi|porcha|Симптомы порчи: как отличить от стресса и выгорания|Разбираем симптомы порчи, что часто путают с психоэмоциональной перегрузкой и как действовать без паники.|Симптомы порчи|enegry-clean.webp|Симптомы порчи и диагностика состояния
kak-ponyat-chto-sglazili|porcha|Как понять, что сглазили: признаки и первые действия|Проверяем признаки сглаза, алгоритм первых шагов и когда нужна диагностика у специалиста.|Как понять, что сглазили|enegry-clean.webp|Признаки сглаза и защита
chto-delat-esli-vse-rushitsya|porcha|Что делать, если всё рушится: антикризисный алгоритм|Если всё рушится одновременно: как стабилизировать состояние, убрать хаос и вернуть контроль.|Что делать, если всё рушится|enegry-clean.webp|Антикризисная диагностика в сложный период
pochemu-poyavlyayutsya-rodovye-problemy|porcha|Почему появляются родовые проблемы и как с ними работать|Поясняем, как формируются родовые сценарии, по каким признакам их распознать и как выстроить безопасную работу.|Почему появляются родовые проблемы|enegry-clean.webp|Родовые сценарии и повторяющиеся проблемы
chto-pokazyvaet-otlivka-voskom|otlivka|Что показывает отливка воском и как читать результат|Разбираем, что показывает отливка воском, какие запросы она закрывает и как интерпретировать динамику.|Что показывает отливка воском|vosk-otlivka.webp|Отливка воском и трактовка результата
kak-prohodit-otlivka|otlivka|Как проходит отливка воском онлайн: этапы и рекомендации|Пошагово описываем, как проходит отливка воском онлайн, сколько длится работа и как закрепить эффект.|Как проходит отливка|vosk-otlivka.webp|Как проходит отливка воском онлайн
skolko-seansov-nuzhno-otlivka|otlivka|Сколько сеансов отливки воском нужно в разных ситуациях|От чего зависит количество сеансов отливки, как оценивать динамику и когда нужен повтор.|Сколько сеансов нужно|vosk-otlivka.webp|Количество сеансов отливки воском
kak-rabotayut-runicheskie-amuleti|runy|Как работают рунические амулеты: принцип и ограничения|Объясняем, как работают рунические амулеты, как выбрать формат и чего не стоит ожидать.|Как работают рунические амулеты|runic-amulet.webp|Рунические амулеты для защиты
mozhno-li-nosit-runy-postoyanno|runy|Можно ли носить руны постоянно и как делать это безопасно|Говорим о правилах постоянного ношения рун, адаптации и признаках перегрузки.|Можно ли носить руны постоянно|runic-amulet.webp|Постоянное ношение рунических символов
kak-vybrat-specialista|psihologiya|Как выбрать специалиста по энергетике и не ошибиться|Критерии выбора специалиста, проверка компетенций и признаки рискованных практик.|Как выбрать специалиста|sofia-portrait.webp|Как выбрать специалиста по энергетике
pochemu-ne-pomogayut-psihologi|psihologiya|Почему не помогают психологи: где границы метода|Разбираем, почему психология не всегда закрывает запрос и как корректно сочетать подходы.|Почему не помогают психологи|sofia-portrait.webp|Психология и энергетическая работа
chem-energetika-otlichaetsya-ot-psihologii|psihologiya|Чем энергетика отличается от психологии: без мифов|Сравниваем энергетику и психологию: задачи, ограничения, синергия и выбор стратегии под запрос.|Чем энергетика отличается от психологии|sofia-portrait.webp|Отличия энергетики от психологии
